<?xml version="1.0" encoding="UTF-8"?>
<!DOCTYPE fontscolors PUBLIC "-//NetBeans//DTD Editor Fonts and Colors settings 1.1//EN" "http://www.netbeans.org/dtds/EditorFontsColors-1_1.dtd">
<fontscolors>
    <fontcolor foreColor="ff49b0eb" name="caret-color-insert-mode"/>
    <fontcolor foreColor="ffffa8a8" name="text-limit-line-color"/>
    <fontcolor foreColor="ffff9900" name="char"/>
    <fontcolor default="keyword" name="markup-element"/>
    <fontcolor foreColor="blue" name="hyperlinks" underline="blue"/>
    <fontcolor foreColor="red" name="status-bar-bold"/>
    <fontcolor foreColor="black" name="caret-color-overwrite-mode"/>
    <fontcolor name="status-bar"/>
    <fontcolor foreColor="ffcc0099" name="synchronized-text-blocks-ext"/>
    <fontcolor bgColor="ffffb442" foreColor="black" name="highlight-search"/>
    <fontcolor foreColor="ff996600" name="synchronized-text-blocks-ext-slave"/>
    <fontcolor default="string" name="markup-attribute-value"/>
    <fontcolor bgColor="ffd83636" name="nbeditor-bracesMatching-mismatch"/>
    <fontcolor foreColor="ff666666" name="code-folding"/>
    <fontcolor bgColor="ffe0e8f1" foreColor="black" name="block-search"/>
    <fontcolor name="error" underline="ffff3333"/>
    <fontcolor foreColor="ffff9900" name="keyword">
        <font style="bold"/>
    </fontcolor>
    <fontcolor bgColor="gray" name="nbeditor-bracesMatching-match-multichar"/>
    <fontcolor name="whitespace"/>
    <fontcolor foreColor="ff00c99b" name="number"/>
    <fontcolor bgColor="black" name="highlight-caret-row"/>
    <fontcolor foreColor="ff6185a6" name="operator"/>
    <fontcolor bgColor="ff5b5b5b" name="selection"/>
    <fontcolor name="url" underline="blue"/>
    <fontcolor default="identifier" name="field"/>
    <fontcolor bgColor="ffffb442" foreColor="black" name="inc-search"/>
    <fontcolor bgColor="ff232323" foreColor="ffdddddd" name="default">
        <font name="Monaco" size="12"/>
    </fontcolor>
    <fontcolor foreColor="ff666666" name="code-folding-bar"/>
    <fontcolor foreColor="ff96ff00" name="string"/>
    <fontcolor bgColor="ffd83636" name="nbeditor-bracesMatching-mismatch-multichar"/>
    <fontcolor default="default" foreColor="magenta" name="entity-reference"/>
    <fontcolor default="identifier" foreColor="white" name="method"/>
    <fontcolor foreColor="ffbb66ff" name="comment"/>
    <fontcolor bgColor="gray" name="nbeditor-bracesMatching-match"/>
    <fontcolor name="guarded"/>
    <fontcolor name="identifier"/>
    <fontcolor name="warning" waveUnderlined="yellow"/>
    <fontcolor name="separator"/>
    <fontcolor default="field" foreColor="white" name="markup-attribute"/>
</fontscolors>
